Author,Year,Country,EffiX,VE_any,VE_severe,VE_hosp,Incomplete VE_1 dose_any RVGE,Incomplete VE_1 dose_Severe RVGE,Incomplete VE_1 dose_hospitalization,Incomplete VE_2 dose_hospitalization,Age range,Any<12mo,Severe<12mo,Hosp <12mo,Any12-24mo,Severe12-24mo,Hosp12-24mo,Any>24mo,Severe>24mo,Hosp>24mo,RV incidence rate_any /100 infant,RV incidence rate_severe /100 infant,RV incidence rate_hospitalization /100 infant,Population density,U5 mortality rate,Crude birth rate,GDP per capita,% of population using safely managed drinking water,% of population using safely managed sanitation,Prevalence of undernourishment,Prevalence of HIV,Gini index,Progression to secondary school(female%),% of population living in extreme poverty (<$2/day),Income share held by lowest 20%,Urban population (% of total)
RV1 efficacy,,,,,,,,,,,,,,,,,,,,,,,,,,,,,,,,,,,,
Vesikari,2004,Finland,1,72,85,,,,,,6-12 weeks,73,90,,,,,,,,1.9,0.8,,16.994,4.2,11,24285.5,92.5,99,NULL,NULL,27.2,99.9,0,9.6,82.183
Salinas,2005,"Brazil, Mexico and Venezuela",1,70,86,,,,,,,,,,,,,,,,11.23,7.48,,,,,,,,,,,,,,
,,Brazil,1,,86,,,,,,,,,,,,,,,,11.23,7.48,,21.2,32.4,19.5,3156.8,NULL,26.8,10.1,0.4,58.4,NULL,11.5,2.5,81.6
,,Mexico,1,,86,,,,,,,,,,,,,,,,11.23,7.48,,51.595,27,23.4,7544.6,39.2,17.9,3.3,NULL,51,93.4,7.8,3.9,75
,,Venezuela,1,,86,,,,,,,,,,,,,,,,11.23,7.48,,27.942,20.9,23.5,4986.7,NULL,NULL,15.1,0.4,47.2,99.2,9.3,4,87.85
Ruiz-Palacios,2006,11 Latin American countries + Finland,1,,84.7,85,,,,,6-13 weeks,,84.7,85,,,,,,, ,1.33,1.02,,,,,,,,,,,,,
,,Argentina,1,,84.7,85,,,,,,,84.7,85,,,,,,,,1.33,1.02,13.917,17.7,19,3349.8,NULL,NULL,7.9,0.3,50.9,100,7.9,3.3,89.7
,,Brazil,1,,84.7,85,,,,,,,84.7,85,,,,,,,,1.33,1.02,21.752,28.3,18.4,3070.9,NULL,27.3,6.3,0.4,57.6,NULL,11,2.6,82.2
,,Chile,1,,84.7,85,,,,,,,84.7,85,,,,,,,,1.33,1.02,21.317,9.5,15.4,4772.6,93.4,49.2,3.2,0.2,51.5,NULL,4,4,86.7
,,Colombia,1,,84.7,85,,,,,,,84.7,85,,,,,,,,1.33,1.02,37.39,22.7,20.5,2281.4,69.4,13.9,9.8,0.4,53.6,99,12.1,3.5,75.4
,,Dominican Republic,1,,84.7,85,,,,,,,84.7,85,,,,,,,,1.33,1.02,183.2,37.8,23.6,2418.4,NULL,NULL,23.7,1.8,52.1,90.6,6.7,3.8,64.6
,,Honduras,1,,84.7,85,,,,,,,84.7,85,,,,,,,,1.33,1.02,63.5,32.1,31,1158.2,NULL,NULL,21.8,0.7,58.1,70,28.5,2.3,47.3
,,Mexico,1,,84.7,85,,,,,,,84.7,85,,,,,,,,1.33,1.02,53.027,24.7,22.6,7075.4,39.7,19.9,4.3,NULL,50,93.9,6.3,4.2,75.7
,,Nicaragua,1,,84.7,85,,,,,,,84.7,85,,,,,,,,1.33,1.02,44,32.9,25.6,1005.7,50.4,NULL,25,0.2,NULL,NULL,NULL,NULL,55.6
,,Panama,1,,84.7,85,,,,,,,84.7,85,,,,,,,,1.33,1.02,43.2,24.1,22.5,4267.3,NULL,NULL,21.1,NULL,55.7,66,11.1,2.5,63.1
,,Venezuela,1,,84.7,85,,,,,,,84.7,85,,,,,,,,1.33,1.02,28.968,19.8,22.8,3272.6,NULL,NULL,14.8,0.5,48.1,98.9,18.8,3.3,87.9
,,Finland,1,,84.7,85,,,,,,,84.7,85,,,,,,,,1.33,1.02,17.115,4,10.9,32855.1,94.3,99,2.5,NULL,27.7,100,0,9.4,82.6
,,Peru,1,,84.7,85,,,,,,,84.7,85,,,,,,,,1.33,1.02,21.4,30.6,22.5,2145.6,46.2,16.2,23.2,0.3,53.1,96.6,12,3.6,74.2
Linhares,2008,Latin American countries,1,,81,83,,,,,6-13 weeks,,83,,,79,,, ,,,1.36,1.08,,,,,,,,,,,,,
,,Argentina,1,,81,83,,,,,,,,,,79,,,,,,1.36,1.08,14.065,17.1,18.9,4277.7,NULL,NULL,4.1,0.3,48.4,100,5.7,3.6,89.9
Justino,2012,Brazil,1,,72.3,83,,,,,,,60.6,,,74.7,,,,,,1.36,1.08,22.015,26.4,17.8,3637.5,NULL,27.5,4.8,0.4,56.6,NULL,9.7,2.9,82.5
,,Chile,1,,81,83,,,,,,,83,,,74.7,,,,,,1.36,1.08,21.539,9.3,15.2,6194.6,93.9,51.1,3.3,0.2,NULL,98.2,NULL,NULL,86.7
,,Colombia,1,,81,83,,,,,,,83,,,74.7,,,,,,1.36,1.08,37.923,22.1,19.9,2782.6,69.8,14.1,11.2,0.4,55,99.2,75.6,,
,,Dominican Republic,1,,81,83,,,,,,,83,,,74.7,,,,,,1.36,1.08,185.8,37.1,23.2,2487.3,NULL,NULL,23.2,1.7,52.1,92,8.5,3.9,66
,,Honduras,1,,81,83,,,,,,,83,,,74.7,,,,,,1.36,1.08,65.1,30.6,30.1,1217.8,NULL,NULL,22.3,0.7,58.1,74,27.7,2.3,49.7
,,Mexico,1,,81,83,,,,,,,83,,,74.7,,,,,,1.36,1.08,53.764,23.7,22.2,7484.5,39.9,21.8,4.6,NULL,50,96.1,6,4.2,76
,,Nicaragua,1,,81,83,,,,,,,83,,,74.7,,,,,,1.36,1.08,44.6,31.3,25.3,1080.3,50.4,NULL,24.1,0.2,NULL,NULL,NULL,NULL,55.8
,,Panama,1,,81,83,,,,,,,83,,,74.7,,,,,,1.36,1.08,44,23.5,222.3,4592.2,NULL,NULL,21.4,NULL,54.8,66,10.1,2.6,63.4
,,Venezuela,1,,81,83,,,,,,,83,,,74.7,,,,,,1.36,1.08,29.473,19.1,22.5,4325.7,NULL,NULL,10.2,0.5,47.5,98.9,"15,8",3.3,88
Vesikari,2007,"EU(Czech Republic, Finland, France, Germany, Italy, Spain)",1,78.9,91,96,,,,,6-14 weeks,87.1,95.8,100,,,,,,,10.81,6.73,1.32,,,,,,,,,,,,,
,,Czech Republic,1,78.9,91,96,,,,,,,95.8,100,,,,,,,10.81,6.73,1.32,131.2,4.3,10,13430.7,96.8,85.2,2.5,NULL,26.9,99.8,0,9.3,73.6
,,Finland,1,78.9,91,96,,,,,,,95.8,100,,,,,,,10.81,6.73,1.32,17.223,3.8,11,39040.3,95.4,99.1,2.5,NULL,27.6,100,0.1,9.5,82.9
,,France,1,78.9,91,96,,,,,,,95.8,100,,,,,,,10.81,6.73,1.32,115.4,4.6,12.8,34760.2,97,89.2,2.5,0.3,29.8,NULL,0,8.6,77.1
,,Germany,1,78.9,91,96,,,,,,,95.8,100,,,,,,,10.81,6.73,1.32,236.5,4.7,8.3,34507.4,99.8,95.8,2.5,NULL,31.3,94.6,0,8.1,76.6
,,Italy,1,78.9,91,96,,,,,,,95.8,100,,,,,,,10.81,6.73,1.32,197.1,4.5,9.6,32043.1,89.2,NULL,2.5,0.2,33.8,98.7,0.6,6.8,67.7
,,Spain,1,78.9,91,96,,,,,,,95.8,100,,,,,,,10.81,6.73,1.32,87.5,4.7,10.6,26419.3,98.7,94.7,2.5,0.4,32.4,NULL,0.8,7,77.3
Tregnaghi,2011,Latin American,1,,81.6,88.3,,,,,6-12 weeks,,,,,,,,,, , , ,,,,,,,,,,,,,
,,Argentina,1,,81.6,88.3,,,,,,,,,,,,,,,,,,14.212,16.5,18.7,5109.9,NULL,NULL,3.8,0.3,47.7,,4.2,3.8,90
,,Brazil,1,,81.6,88.3,,,,,,,,,,,,,,,,,,22.269,24.7,17.2,4790.4,NULL,27,4.1,0.4,56.5,NULL,8.6,2.9,82.8
,,Colombia,1,,81.6,88.3,,,,,,,,,,,,,,,,,,38.439,21.5,19.3,3414.5,70.1,14.3,11.3,0.4,53.9,98.7,9.8,3.6,76
,,Dominican Republic,1,,81.6,88.3,,,,,,,,,,,,,,,,,,188.3,36.5,22.8,3932.8,NULL,NULL,19.3,1.7,50,98,5.7,4.1,67.4
,,Honduras,1,,81.6,88.3,,,,,,,,,,,,,,,,,,66.7,29.2,29.2,1308.1,NULL,NULL,22.4,0.6,59.5,74.3,27.1,1.9,48.6
,,Panama,1,,81.6,88.3,,,,,,,,,,,,,,,,,,44.8,22.9,22,4916.9,NULL,NULL,21.7,NULL,53.8,95.6,9.9,2.7,63.7
Phua,2009,Asia,1,,96.1,,,,,,"6-12 weeks in Hongkong, Taiwan
11-17 weeks in Singapore",,,,,,,,,,,0.97,,,,,,,,,,,,,,
,,HongKong,1,,96.1,,,,,,,,,,,,,,,,,0.97,,6469.3,NULL,7.2,24928.1,86.4,92.1,2.5,NULL,NULL,100,NULL,NULL,100
,,Singapore,1,,96.1,,,,,,,,,,,,,,,,,0.97,,6047.4,3,10.3,27608.5,100,100,NULL,0.2,NULL,96.5,NULL,NULL,100
,,Taiwan,1,,96.1,,,,,,,,,,,,,,,,,0.97,,,NULL,,,,,,,,,,,
Phua,2012,Asia,1,,96.9,94.9,,,,,"6-12 weeks in Hongkong, Taiwan
11-17 weeks in Singapore", ,100,100,,95,91.5,,100,100,,,,,,,,,,,,,,,,
Lau,2013,HongKong,1,,96,92.6,,,,,,,100,100,,93.3,86.6,,100,100,,0.75,,6488.8,NULL,8.4,26649.8,88.2,92.1,2.5,NULL,NULL,100,NULL,NULL,100
Phua,2016,Singapore,1,,95.2,,,,,,,,100,100,,93.8,,,,,,,,6191.2,2.9,10.2,29961.3,100,100,NULL,0.2,NULL,96.5,NULL,NULL,100
,,Taiwan,1,,96,,,,,,,,100,100,,,,,,,,,,,NULL,,,,,,,,,,,
Madhi,2010,South Africa and Malawi,1, ,61.2,,,,,,5 to 10 weeks ,,,,,,,,,, ,8,,,,,,,,,,,,,,
,,South Africa,1,,76.9,,,,,,,,,,,,,,,,,5.4,,40,79.4,23.1,5602,NULL,NULL,3.5,16.8,63.9,95,21.2,2.6,60.1
,,Malawi,1,,49.4,,,,,,,,,,,,,,,,,13.1,,137.6,103.6,42.4,308.2,NULL,NULL,20.6,11.6,42,82.2,72,62,15.1
Madhi,2012,South Africa,1,59,59,,,,,,5 to 10 weeks ,,,,,,,,,,11.8,3.2,,40,79.4,23.1,5602,NULL,NULL,3.5,16.8,63.9,,21.2,2.6,60.1
Steele,2012,South Africa and Malawi,1,,61.2,,,,,,5–10 weeks,,,,,,,,,,,,,,,,,,,,,,,,,
,,South Africa,1,,61.2,,,,,,,,,,,,,,,,,,,40,79.4,23.1,5602,NULL,NULL,3.5,16.8,63.9,95,21.2,2.6,60.1
,,Malawi,1,,61.2,,,,,,,,,,,,,,,,,,,137.6,103.6,42.4,308.2,NULL,NULL,20.6,11.6,42,81.9,72,62,15.1
Cunliffe,2012,Malawi,1,,38.1,,,,,,"6, 10, and 14 weeks, follow up to 2 years of age", ,49.4,,,17.6,,,,,12.5,8.15 (episode per 100 infant yr is 16.3 during 2 year follow up time),,137.6,103.6,42.4,308.2,NULL,NULL,20.6,11.6,42,81.9,72,62,15.1
Kawamura,2011,Japan,1,79.3,91.6,74.9,,,,,6 Weeks to 14 Weeks,,,,,,,,,,8.7,2.9,,351.3,3.4,8.7,39339.3,98,98.5,2.5,NULL,34.8,100,0.5,8.4,89.1
Li,2014,China,1,58.1,72,81,,,,,6-16 weeks,70,75,85.7,45.6,70.2,71.8,,,,,,,142.6,14.6,11,5433.7,NULL,50.7,2.5,NULL,42.4,100,7.9,5.4,50.5
Colgate,2016,Bangladesh,1,51,73.5,,,,,,birth cohort (first week),,,,,,,,,,9.5,6.1,,1173.6,41.6,19.9,981.8,55.6,NULL,14.2,NULL,32,NULL,17.6,8.7,32
,,,1,,,,,,,,,,,,,,,,,,,,,,,,,,,,,,,,,
RV5 Efficacy,,,1,,,,,,,,,,,,,,,,,,,,,,,,,,,,,,,,,
Vesikari,2006,International REST study,1,74,98,95.8,,,,,6-12 weeks, ,,,,,,,,,,,,,,,,,,,,,,,,
,,Belgium,1,,98,95.8,,,,,,,,,,,,,,,,,,342.7,5.2,11,30587.7,99.5,85.6,2.5,NULL,28.1,NULL,0.3,8.5,97.3
,,Costa Rica,1,,98,95.8,,,,,,,,,,,,,,,,,,81.6,11.8,17.5,4129.6,88.4,NULL,5.3,0.2,49.3,90,4.6,3.7,63.1
,,Finland,1,,98,95.8,,,,,,,,,,,,,,,,,,17.115,4,10.9,32855.1,94.3,99,2.5,NULL,27.7,100,0,9.4,82.6
,,Germany,1,,98,95.8,,,,,,,,,,,,,,,,,,236.6,5,8.6,30243.6,99.8,95.5,2.5,NULL,30,99.4,0,8.6,75.6
,,Guatemala,1,,98,95.8,,,,,,,,,,,,,,,,,,115.9,46,33.2,1765.4,48.3,NULL,19,0.4,54.3,91.3,10.2,3.4,46.3
,,Italy,1,,98,95.8,,,,,,,,,,,,,,,,,,194.9,4.8,9.5,27465.7,88.1,NULL,2.5,0.2,34.9,99.2,0.8,6.7,67.5
,,Mexico,1,,98,95.8,,,,,,,,,,,,,,,,,,53.027,24.7,22.6,7075.4,39.7,19.9,6.3,NULL,50,93.9,75.7,,
,,Puerto Rico,1,,98,95.8,,,,,,,,,,,,,,,,,,431.4,NULL,13.1,19557.1,75,32.5,NULL,NULL,NULL,NULL,NULL,NULL,94.2
,,Sweden,1,,98,95.8,,,,,,,,,,,,,,,,,,21.8,3.9,11.1,37321.8,99.9,92.6,2.5,NULL,25.3,100,0.3,9.3,84.2
,,Taiwan,1,,98,95.8,,,,,,,,,,,,,,,,,,,NULL,,,,,,,,,,,
,,United States,1,,98,95.8,,,,,,,,,,,,,,,,,,31.7,8.1,14.1,39496.5,NULL,88.5,2.5,0.4,40.3,NULL,1,5.2,79.6
Block,2007,US and Finland,1,72.5,100,,,,,,6–12 weeks, ,,,,,,,,,,,,,,,,,,,,,,,,
,,USA,1,72.5,100,,,,,,,,,,,,,,,,,,,31.7,8.1,14.1,39496.5,NULL,88.5,2.5,0.4,40.3,NULL,1,5.2,79.6
,,Finland,1,72.5,100,,,,,,,,,,,,,,,,,,,17.1,4,10.9,32855.1,94.3,99,2.5,NULL,27.7,100,0,9.4,82.6
Vesikari,2009,Europe,1,68,98.3,95.6,,,,,,72,100,,58.5,94.3,,,,,,,13.8,,,,,,,,,,,,,
,,Belgium,1,68,98.3,95.6,,,,,,72,100,,58.5,94.3,,,,,,,,342.7,5.2,11,30587.7,99.5,85.6,2.5,NULL,28.1,NULL,0.3,8.5,97.3
,,Finland,1,68,98.3,95.6,,,,,,72,100,,58.5,94.3,,,,,,,,17.115,4,10.9,32855.1,94.3,99,2.5,NULL,27.7,100,0,9.4,82.6
,,Germany,1,68,98.3,95.6,,,,,,72,100,,58.5,94.3,,,,,,,,236.6,5,8.3,41531.9,99.8,96.5,2.5,NULL,30.2,99.5,0,8.4,77
,,Italy,1,68,98.3,95.6,,,,,,72,100,,58.5,94.3,,,,,,,,194.9,4.8,9.5,27465.7,88.1,NULL,2.5,0.2,34.9,99.1,0.8,6.7,67.5
,,Sweden,1,68,98.3,95.6,,,,,,72,100,,58.5,94.3,,,,,,,,21.8,3.9,11.1,37321.8,99.9,92.6,2.5,NULL,25.3,100,0.3,9.3,84.2
Grant ,2012,USA,1,77.1,89.5,89,,,,,6-12 weeks,,,,,,,,,,34.2,,,31.4,8.2,14.1,37133.2,NULL,88.4,2.5,0.4,40.4,NULL,1,5.3,79.4
Vesikari,2010,Finland,1,,,94,,,,,,,,94,,,94.7,,,85.9,,,0.44,17.115,3.9,11,37702.8,94.8,99.1,2.5,NULL,27.9,,0,9.4,82.8
Armah,2010,"Ghana, Kenya, and Mali",1,30.5,39.3,,,,41,,4-12 weeks,49.2,64,,19,19,,,,,11.5,5,,,,,,,,,,,,,,
,,Ghana,1,48.8,56,,,,,,,56.4,65,,19.5,29,,,,,,5.4,,103.6,75.3,32.8,1217,22.5,NULL,8.3,1.9,42.6,97.4,16.4,5.3,49.4
,,Kenya,1,62,63.9,,,,,,,71.5,83,,,-55,,,,,,2.7,,69.9,63.9,36.7,902.1,NULL,NULL,26.9,6,43.6,NULL,41.9,5,22.8
,,Mali,1,17.6,17.6,,,,,,,9.3,100,,19.2,20,,,,,,5.6,,11.6,140.1,47.4,694.3,NULL,12.4,9.5,1.4,38.9,83.2,50.3,8,34.3
Zaman,2010,Bangladesh and Vietnam,1,43,48,,,,,,6-12 weeks, ,51,,,46,,,,,,6.1,,,,,,,,,,,,,,
,,Bangladesh ,1,,43,,,,,,,,45.7,,,39.3,,,,,,8.1,,1108.6,54.5,22.2,635,55.8,NULL,13.7,NULL,32.7,NULL,21.4,8.8,29
,,Vietnam,1,,64,,,,,,,,72.3,,,64.6,,,,,,3.2,,278.1,23.5,17.1,1149.4,NULL,NULL,12.9,0.4,35.6,87,14.1,7.4,29.1
Breiman,2012,"Ghana, Kenya, Mali, Bangladesh and Vietnam",1,33.9,42.5,,,,,,,51.2,58.9,,,,,,,,10.9,5.3,,,,,,,,,,,,,,
,,Ghana,1,33.9,42.5,,,,,,,51.2,58.9,,,,,,,,10.9,5.3,,,,,,,,,,,,,,
,,Kenya,1,33.9,42.5,,,,,,,51.2,58.9,,,,,,,,10.9,5.3,,,,,,,,,,,,,,
,,Mali,1,33.9,42.5,,,,,,,51.2,58.9,,,,,,,,10.9,5.3,,,,,,,,,,,,,,
,,Bangladesh ,1,33.9,42.5,,,,,,,51.2,58.9,,,,,,,,10.9,5.3,,,,,,,,,,,,,,
,, Vietnam,1,33.9,42.5,,,,,,,51.2,58.9,,,,,,,,10.9,5.3,,,,,,,,,,,,,,
Iwata,2013,Japan,1,74.5,100,,,,,,6-12 weeks,,,,,,,,,,,,,351.3,3.4,8.7,39339.3,98,98.5,2.5,NULL,34.8,100,0.5,8.4,89.1
Mo,2017,China,1,69.3,78.9,,,,,,6–12 weeks,,,,,,,,,,,,,144.8,11.6,12.1,7678.6,NULL,60.9,2.5,NULL,39.2,NULL,1.4,6.2,54.2
,,,,,,,,,,,,,,,,,,,,,,,,,,,,,,,,,,,,
RV1 Effectiveness,,,,,,,,,,,,,,,,,,,,,,,,,,,,,,,,,,,,
de Palma,2010,El Salvador,0,,73,76,,36,51,,,,79,83,,58,59,,,,,,,295.9,21.2,20.2,2933.4,NULL,NULL,10,0.7,46.9,96.1,7,4.6,63.7
Correia,2010,Brazil,0,, , ,,,,,6-33 months,,73,81,,-51,5,,,,,,,22.748,21.8,16.3,7348,NULL,29.5,2.8,0.5,54.9,NULL,6.7,3,83.4
,,Brazil,0,,,,,,,,,,37,80,,-1,41,,,,,,,,,,,,,,,,,,,
Justino,2011,Brazil,0,,78.8,75.8,,,,62,,95.7,,,,,65.1,,,,,,,22.975,20.6,15.9,8831,NULL,31.2,2.5,0.5,54,NULL,5.5,3.2,83.7
,,Brazil,0,,53.7,40,,,,44,,55.6,,,,,32.1,,,,,,,,,,,,,,,,,,,
Ichihara,2014,Brazil,0,,,76,,,62,,,,,74,,,78,,,,,,,23.416,18.7,15.3,11286.2,NULL,34.8,2.5,"0,5",NULL,NULL,NULL,NULL,84.3
Desai,2010,USA,0,,, ,,,,,8 weeks-3 years,,,,,,,,,,,,,33.2,7.6,14,48382.6,99,89.1,2.5,0.4,40.8,NULL,1,5.2,80.4
,,USA,0,,,83.5,,0.93,,,,,,,,,,,,,,,,,,,,,,,,,,,,
,,USA,0,,,90.7,,0.94,,,,,,,,,,,,,,,,,,,,,,,,,,,,
Payne,2013,USA,0,,, ,,,80,,,,,,,,,,,,,,,33.8,7.3,13,48467.5,99,89.3,2.5,0.4,40.6,NULL,1,5.3,80.7
,,USA,0,,,32,,,57,,,,,56,,,86,,,,,,,,,,,,,,,,,,,
,,USA,0,,,86,,,70,78,,,,85,,,89,,,83,,,,,,,,,,,,,,,,
Muhsen,2010,Israel,0,,,89.4,,,,,,,,,,,,,,, ,,0.57,337.7,4.9,21.5,29567.8,99.9,86.1,2.5,NULL,41.6,100,0.2,4.7,91.7
Martinón-Torres,2011,Spain,0,92.8,,98.3,0.92,,95.6,,<2 years old,,,,,,,,,,,,,92.1,4.2,11.3,35366.3,98.7,95.3,2.5,0.4,34.2,100,0.5,6.6,78
,, ,0,97.2,,97.3,0.96,,97.5,,,,,,,,,,,,,,,,,,,,,,,,,,,
,, ,0,84.4,,95,0.85,,92.9,,,,,,,,,,,,,,,,,,,,,,,,,,,
Castilla,2012,Spain,0,,78,83,,,,,3-59months, ,78,82,,82,82,,61,89,,,,93,4,10.6,32042.5,98.7,95.5,2.5,0.4,34.9,100,0.8,6.3,78.2
,, ,0,,75, ,,0.76,,,,,,,,,,,,,,,,,,,,,,,,,,,,
,, ,0,,81,,,0.8,,,,,,,,,,,,,,,,,,,,,,,,,,,,
Snelling,2009,Australia,0,,83.2,84.5,,0.72,,,,,,,,,,,,,,,,2.7,5.4,14.1,40960.1,NULL,66.8,2.5,0.1,35.4,NULL,0.4,7.2,84.8
Maguire,2019,Australia,0,73.7, , ,0.68,,,,6 months to 9 years,79.3,,,68.2,,,,,,,,,3.1,4,13.3,62510.1,NULL,73,2.5,0.1,34.4,NULL,0.5,7.4,85.6
Groome,2014,South Africa,0,,,57,,,40,,18 weeks to 23 mo, ,,54,,,61,,,,,,,42.2,44.8,23.1,7328.6,NULL,NULL,3.5,18.5,63,95,17.5,2.5,62.7
Beres,2016,Zambia,0,26,48,56,,,,57,children <5 yr,,,,,,,,,,,,,19.5,75.1,40,1763.1,NULL,NULL,NULL,12.4,55.9,62.2,62.9,3.4,38.4
Bar-Zeev,2015,Malawi,0, ,68,64,,0.69,65,,children <5 yr,,,,,,,,,,,,,168,63.9,37.5,348.4,NULL,NULL,17.3,10.2,45,84.4,71.1,5.7,16
,,,0,,68,63,,0.68,68,,,,,,,,,,,,,,,,,,,,,,,,,,,
Cotes-Cantillo,2014,Colombia,0, ,-54,-2.19,,,,,,79.19,62.62,84.42,-40,-64,-79.49,,,,,,,41.528,17.2,16.2,8050.3,72.1,16,9.6,0.4,54.6,Null,6.2,3.5,78.7
Patel,2013,Bolivia,0,,70,70,,0.42,39,,,,66,65,,77,76,,,,,,,9.3,41.3,25,1955.5,NULL,18.1,23.3,0.2,47.7,94.2,8.8,3.5,66.4
,,,0,,79,80,,0.55,57,,,,79,79,,78,78,,,,,,,,,,,,,,,,,,,
Pringle,2016,Bolivia,0,59,54,59,0.26,0.16,,,children <5 yr,76,75,,45,53,,,,,,,,9.7,36.7,23.7,2908.2,NULL,20.1,19,0.2,47.6,95.9,6.9,3.6,67.7
Gastañaduy,2016,Guatemala,0,,73,62, ,,59,74,, ,,74,,,71,,,,,,,137.9,31.9,26.8,3408.8,53.3,NULL,18,0.4,48.3,86.9,9.2,4.3,49
,,,0,,49,,,,60,52,,,,73,,,53,,,,,,,,,,,,,,,,,,,
,,,0,,,63,,,,,,,,,,,,,,,,,,,,,,,,,,,,,,
,,,0,,,51,,,,,,,,,,,,,,,,,,,,,,,,,,,,,,
,,,0,,,69,,,,,,,,,,,,,,,,,,,,,,,,,,,,,,
,,,0,,,43,,,,,,,,,,,,,,,,,,,,,,,,,,,,,,
Gastañaduy,2016,Botswana,0,,53,54,,0.54,48,,,,,52,,,67,,,,,,,3.7,38.8,26.4,7780.7,NULL,NULL,19.4,22.4,53.3,97.5,14.5,3.9,66.4
Armah,2016,Ghana,0,,80,60,,,,,,,95,78,,,50,,,,,,,119.6,57.1,30.7,1971,31.5,NULL,7.5,1.8,43.2,98.5,11.5,5.2,53.4
Mujuru,2019,Zimbabwe,0,,68,61,,,,,aged <5 yr,,68,61,,-38,-48,,,,,,,36.3,59.5,32.9,1305,NULL,NULL,NULL,13.8,43.2,NULL,21.4,5.8,32.3
Khagayi,2020,Kenya,0,,61,64,,,54,,,,,67,,,72,,,,,,,86.2,47.8,29.9,1410.5,NULL,NULL,23.4,5,40.8,NULL,37.1,6.2,26.1
Matthijnssens,2014,Belgium,0,,,90,,,,,,,,,,,,,,,,,,356.6,4.6,11.8,44583.5,99.5,89.6,2.5,NULL,28.6,NULL,0.1,8,97.6
Braeckman,2012,Belgium,0,,91,90,,,91,,,,,91,,,90,,,,,,,356.6,4.6,11.8,44583.5,99.5,89.6,2.5,NULL,28.6,NULL,0.1,8,97.6
Cortese,2013,USA,0,, , ,,,,,,,,,,,,,,,,,,33.8,7.3,13,48467.5,99,89.3,2.5,0.4,40.6,NULL,1,5.3,80.7
,,USA,0,,91,98,,,, ,,,,85,,,90,,,,,,,,,,,,,,,,,,,
,,,0,,76,94,,,,,,,,,,,,,,,,,,,,,,,,,,,,,,
,,,0,,92,97,,,,84,,,,94,,,90,,,,,,,,,,,,,,,,,,,
,,,0,,87,,,,,,,,,,,,,,,,,,,,,,,,,,,,,,,
Immergluck,2016,USA,0,,, ,,,,,,,,,,,,,,,,,,34.1,7,12.4,53117.7,99,89.7,2.5,0.4,40.7,NULL,1,5.3,81.3
,,USA,0,,,,,,,,,,,,,,84,,,82,,,,,,,,,,,,,,,,
,,USA,0,,,,,,,,,,,,,,80,,,87,,,,,,,,,,,,,,,,
Adlhoch,2013,Germany,0,68,,80,,,,,6-29mo,74,,80,57,,85,,,,,,,234.6,4.2,8.33,41531.9,99.8,96.7,2.5,,30.2,99,0,8.4,77
Doll,2015,Canada,0,,,93.8,,,94.7,,8weeks- 3yr,,,,,,,,,,,,,3.9,5.4,10.8,52652.6,98.7,82.5,2.5,NULL,33.8,NULL,0.5,6.7,81.2
Walker,2019,United Kingdom,0,77,,,0.69,,95,,6-23mo,85,,,54,,,,,,,,,267,4.5,12,47425.6,100,97.7,2.5,NULL,34,NULL,0.2,7.3,82.4
Gheorghita,2016,Moldova,0,,84,79,,0.71,60,,, ,92,84,,67,46,,,,,,,99.5,16.2,10.9,3322,72.6,NULL,NULL,0.6,28.5,98,0.1,9.1,42.5
Chang,2014,Taiwan,0, ,, ,,,,,8–35 mo,,,,,,,,,,,,,,NULL,,,,,,,,,,,
,,,0,,,91.6,,,,,,,,,,,,,,,,,,,,,,,,,,,,,,
,,,0,,,90.4,,,,,,,,,,,,,,,,,,,,,,,,,,,,,,
,,,0,,,92.5,,,,,,,,,,,,,,,,,,,,,,,,,,,,,,
,,,0,,,97,,,,,,,,,,,,,,,,,,,,,,,,,,,,,,
,,,0,,,96.8,,,,,,,,,,,,,,,,,,,,,,,,,,,,,,
,,,0,,,97.1,,,,,,,,,,,,,,,,,,,,,,,,,,,,,,
Araki,2018,Japan,0,80,91.4,100,0.67,,,,2 mo- 3yr,85.8,,,,,,,,,,,,349.2,2.8,8.1,38109.4,98.3,98.9,2.5,NULL,32.9,100,NULL,NULL,91.3
,,Japan,0,80.6,,,,,,,,,,,84.5,,,52,75.7,,,,,,,,,,,,,,,,,
,,Japan,0,80.4,,,,,,,,,,,83,,,62,70.8,,,,,,,,,,,,,,,,,
Araki,2019,Japan,0,84.9,,,,,,,2mo- 2yr,,,,,,,,,,,,,349.2,2.8,8.1,38109.4,98.3,98.9,2.5,NULL,32.9,100,NULL,NULL,91.3
,,,0,86.6,,  ,,,,,,,,,,,,,,,,,,,,,,,,,,,,,,
,,,0,,,,,,,,,,,,,,,,,,,,,,,,,,,,,,,,,
Lopez,2018,Philippines,0,60,67, ,0.4,0.15,,,,86,,,67,,,,,,,,,347.7,29.3,21.6,3073.7,46.4,50.9,15.2,0.1,44.6,96.9,6.1,5.6,46.5
Zaman,2017,Bangladesh,0,41.4,42.8,,,,,,6-12 weeks,45.2,48,,28.9,26,,,,,,,,1133.7,48.7,21.1,781.2,55.7,NULL,13.8,NULL,32.1,NULL,19.2,8.9,30.5
Eraliev,2020,Uzbekistan,0,,67,51,,,,,6mo - 5 yr,,,52,,,60,,,,,,,71,22.8,23.5,2615,58.9,NULL,2.9,0.2,NULL,99,NULL,NULL,50.8
,,,0,,,,,,,,,,,,,,,,,,,,,,,,,,,,,,,,,
RV5 effectiveness,,,0,,,,,,,,,,,,,,,,,,,,,,,,,,,,,,,,,
Field,2010,Australia,0,,,93.9,,,,,,,,,,,,,,,,,,2.7,5.4,14.1,40960.1,NULL,66.8,2.5,0.1,35.4,NULL,0.4,7.2,84.8
Wang,2010,USA,0,96,,100,,,,,6-9 mo,,,,,,,,,,,,,32.9,7.7,14.3,47976,99,89,2.5,0.4,40.8,NULL,1,5.2,80.3
Boom,2010,USA,0,,87,88,,0.79,69,81,,,,,,,,,,,,,,33.2,7.6,14,48382.6,99,89.1,2.5,0.4,40.8,NULL,1,5.2,80.4
,,,0,,88,89,,,,,,,,,,,,,,,,,,,,,,,,,,,,,,
,,,0,,84,85,,,,,,,,,,,,,,,,,,,,,,,,,,,,,,
Boom,2010,USA,0,,,84,,,,,,,,92,,,81,,,,,,,33.2,7.6,14,48382.6,99,89.1,2.5,0.4,40.8,NULL,1,5.2,80.4
,,,0,,,83,,,,,,,,93,,,78,,,,,,,,,,,,,,,,,,,
,,,0,,,86,,,,,,,,92,,,84,,,,,,,,,,,,,,,,,,,
Staat,2011,USA,0,,,,,,,,,,,,,,,,,,,,,33.2,7.6,14,48382.6,99,89.1,2.5,0.4,40.8,NULL,1,5.2,80.4
,,USA,0,,,95,,,89,89,,,,86,,,90,,,,,,,,,,,,,,,,,,,
,,,0,,,82,,,94, ,,,,84,,,87,,,,,,,,,,,,,,,,,,,
Cortese,2011,USA,0,,, ,,,71,90,,,,93,,,89,,,91,,,,33.2,7.6,14,48382.6,99,89.1,2.5,0.4,40.8,NULL,1,5.2,80.4
,,USA,0,,,,,,62,91,,,,94,,,88,,,87,,,,,,,,,,,,,,,,
,,USA,0,,,,,,,,,,,,,,,,,,,,,,,,,,,,,,,,,
Payne,2013,USA,0,,,  ,,,,,,,,,,,,,,,,,,33.8,7.3,13,48467.5,99,89.3,2.5,0.4,40.6,NULL,1,5.3,80.7
,,USA,0,,,70,,,57,,,,,56,,,86,,,,,,,,,,,,,,,,,,,
,,,0,,,84,,,70,78,,,,85,,,89,,,83,,,,,,,,,,,,,,,,
Patel,2009,Nicaragua,0,,58,44,,,55,44,,,,69,,,32,,,,,,,46.5,27.2,24.4,1328,50.7,NULL,21.7,0.2,NULL,NULL,NULL,NULL,56.3
,,,0,,52,43,,,60,41,,,,,,,,,,,,,,,,,,,,,,,,,,
,,,0,,63,49,,,52,49,,,,,,,,,,,,,,,,,,,,,,,,,,
Mast,2011,Nicaragua,0,,76,,,,,,,,85,,,,71,,,,,,,47.1,26,24.1,1499.3,50.8,NULL,21.2,0.2,NULL,NULL,NULL,NULL,56.5
,,,0,,87,,,,,,,,93,,,,85,,,,,,,,,,,,,,,,,,,
,,,0,,64,,,,,,,,78,,,,55,,,,,,,,,,,,,,,,,,,
Patel,2012,Nicaragua,0,,51,45,,,,,,,70,64,,33,64,,,,,,,47.8,24.9,23.8,1444.4,50.9,NULL,20.9,0.2,43.9,NULL,7.4,5.3,56.7
,,,0,,76,70,,,,,,,83,73,,70,73,,,,,,,,,,,,,,,,,,,
Vesikari,2013,Finland,0,,,92.1,,,,,,,,,,,,,,,4.31,,,17.033,2.9,11.1,46460,99,99.1,2.5,NULL,27.6,100,0,9.3,84.3
Gagneur,2011,France,0,,,98,,,,,,,,,,,,,,,,,,117.6,4.3,12.9,45334.1,97.2,89,2.5,0.3,33,NULL,0,7.9,77.9
Muhsen,2018,Israel,0,,,77,,,,72,6-59mo, ,,82,,,9,,,,,,,372.4,4.1,21.3,36309.5,99.6,90.3,2.5,NULL,40.6,100,0.5,4.9,92
Bonkoungou,2018,Burkina Faso,0,,39,35,,,36,16,children <5 years,,,58,,,19,,,,,,,66.2,100.7,39.4,653.3,NULL,NULL,17.6,0.9,35.3,76.9,43.8,8.3,27.5
Tate,2016,Rwanda,0,75,,80,,,,,, ,,65,,,81,,,,,,,427.6,52,33.6,725.6,,,22.2,3.1,45.1,74.2,59.7,6,16.9
Burnett,2021,Haiti,0,,,66,,,,,,,,65,,,69,,,,,,,,,,,,,,,,,,,
,,,,,,,,,,,,,,,,,,,,,,,,,,,,,,,,,,,,
Rotavac,,,,,,,,,,,,,,,,,,,,,,,,,,,,,,,,,,,,
Bhandari,2014,India,1,35,54,32,,,,,6-7 weeks,34.6,56.4,32.9,,,,,,,,,,425.7,52,19.9,1443.9,NULL,NULL,16.3,NULL,35.7,91.2,22.5,8.1,31.3
,,India,1,36.4,55.1,55.6,,,,,,,,,36.2,48.9,50.2,,,,,,,,,,,,,,,,,,,
,,,,,,,,,,,,,,,,,,,,,,,,,,,,,,,,,,,,
,,,,,,,,,,,,,,,,,,,,,,,,,,,,,,,,,,,,
,,,,,,,,,,,,,,,,,,,,,,,,,,,,,,,,,,,,
,,,,,,,,,,,,,,,,,,,,,,,,,,,,,,,,,,,,
,,,,,,,,,,,,,,,,,,,,,,,,,,21.8,1102,NULL,NULL,16.4,NULL,35.4,,32.8,8.3,30.6